{
    "PC1": {
        "AUDUSD=X": 0.43607880885119693,
        "CAD=X": -0.38820492408493124,
        "CHF=X": -0.40395397968807356,
        "CL=F": 0.009253901497083987,
        "EURUSD=X": 0.4323886829152321,
        "GBPUSD=X": 0.4416216630857982,
        "GC=F": -0.06516734373186589,
        "JPY=X": -0.3134408170855213,
        "^GSPC": 0.03024730758281787,
        "^TNX": 0.10232918668802202
    },
    "PC2": {
        "AUDUSD=X": -0.0769518240016898,
        "CAD=X": 0.23090025331862654,
        "CHF=X": -0.07699103476462985,
        "CL=F": -0.0318665467671628,
        "EURUSD=X": -0.02624131805510635,
        "GBPUSD=X": 0.01021853240286237,
        "GC=F": -0.43170397142608585,
        "JPY=X": -0.03589167806075515,
        "^GSPC": -0.470541750123016,
        "^TNX": 0.7238517101434342
    },
    "PC3": {
        "AUDUSD=X": 0.10114904306045726,
        "CAD=X": 0.09209583264441595,
        "CHF=X": -0.004393669064012142,
        "CL=F": 0.6497663891086868,
        "EURUSD=X": 0.008897127501840976,
        "GBPUSD=X": -0.08167090317886896,
        "GC=F": 0.5821442161153829,
        "JPY=X": -0.18658208211740943,
        "^GSPC": -0.4151745583504291,
        "^TNX": 0.07904171699253693
    }
}