{
    "PC1_variance": 0.42673963544047133,
    "PC2_variance": 0.14205202522413576,
    "PC3_variance": 0.13300885651073632
}