{
    "Crisis": {
        "Crisis": 0.17037037037037037,
        "Inflation Shock": 0.047619047619047616,
        "Liquidity Expansion": 0.3018867924528302,
        "Range Market": 0.11480865224625623,
        "Trend Market": 0.16216216216216217
    },
    "Inflation Shock": {
        "Crisis": 0.05925925925925926,
        "Inflation Shock": 0.07142857142857142,
        "Liquidity Expansion": 0.018867924528301886,
        "Range Market": 0.04326123128119801,
        "Trend Market": 0.02702702702702703
    },
    "Liquidity Expansion": {
        "Crisis": 0.05925925925925926,
        "Inflation Shock": 0.023809523809523808,
        "Liquidity Expansion": 0.0,
        "Range Market": 0.056572379367720464,
        "Trend Market": 0.06756756756756757
    },
    "Range Market": {
        "Crisis": 0.5777777777777777,
        "Inflation Shock": 0.5714285714285714,
        "Liquidity Expansion": 0.41509433962264153,
        "Range Market": 0.6572379367720466,
        "Trend Market": 0.5608108108108109
    },
    "Trend Market": {
        "Crisis": 0.13333333333333333,
        "Inflation Shock": 0.2857142857142857,
        "Liquidity Expansion": 0.2641509433962264,
        "Range Market": 0.1281198003327787,
        "Trend Market": 0.18243243243243243
    }
}